sentence,label
Тэр ажлаа дуусгасан,OTHER OTHER PAST
Хөдөө амьтдын амьдралд амжилттай дуусгасан,OTHER OTHER OTHER OTHER PAST
Тэр алдаа гаргасан,OTHER OTHER PAST
Тэр туршлагаас суралцсан,OTHER OTHER PAST
Тэр олон асуулт их зүйл сурсан,OTHER OTHER OTHER OTHER OTHER PAST
Тэр найзтайгаа уулзсан,OTHER OTHER PAST
Тэр шийдвэр гаргасан,OTHER OTHER PAST
Бид хамтдаа даван туулсан,OTHER OTHER OTHER PAST
Судалгаа шинэ зүйл ярьсан,OTHER OTHER OTHER PAST
Би учир шалтгаангүй дуралсан,OTHER OTHER OTHER PAST
Итгэл үнэмшилтэй хүмүүс амьдралд амжилттай дуусгасан,OTHER OTHER OTHER OTHER OTHER PAST
Бид хамт ажилласан,OTHER OTHER PAST
Тэр найзтайгаа уулзсан,OTHER OTHER PAST
Тэр туршлагаас суралцсан,OTHER OTHER PAST
Aхимаг насныхны хэмжээ багасан,OTHER OTHER OTHER PAST
Би өчигдөр ном уншсан,OTHER OTHER OTHER PAST
Хичээл зүтгэл үр дүнд нобелийн шагнал авсан,OTHER OTHER OTHER OTHER OTHER OTHER PAST
Бид төлөвлөгөө боловсруулсан,OTHER OTHER PAST
Судалгаа асуудлыг олон зүйл сурсан,OTHER OTHER OTHER OTHER PAST
Энэ л үеэр бид өөрсдөө хэн нэгнийг дээрэлхэхгүй байсан,OTHER OTHER OTHER OTHER OTHER OTHER OTHER OTHER PAST
Би учир шалтгаангүй дуралсан,OTHER OTHER OTHER PAST
Өглөөний мэнд асуусан,OTHER OTHER PAST
Тэр туршлага хуримтлуулсан,OTHER OTHER PAST
Өглөөний мэнд асуусан,OTHER OTHER PAST
Өглөөний мэнд асуусан,OTHER OTHER PAST
Бид хамт ажилласан,OTHER OTHER PAST
Би гэртээ амарсан,OTHER OTHER PAST
Би өчигдөр ном уншсан,OTHER OTHER OTHER PAST
Тэр урам зориг авсан,OTHER OTHER OTHER PAST
Бид олон зүйл сурсан,OTHER OTHER OTHER PAST
Бид хамт ялсан,OTHER OTHER PAST
Тэд төлөвлөгөө боловсруулсан,OTHER OTHER PAST
Би гэртээ амарсан,OTHER OTHER PAST
Тэр найзтайгаа уулзсан,OTHER OTHER PAST
Тэр шийдвэр гаргасан,OTHER OTHER PAST
Тэд төлөвлөгөө боловсруулсан,OTHER OTHER PAST
Хөдөө амьтдын амьдралд амжилттай дуусгасан,OTHER OTHER OTHER OTHER PAST
Тэр ном уншсан,OTHER OTHER PAST
Тэр ажлаа амжилттай дуусгасан,OTHER OTHER OTHER PAST
Тэр туршлагаас суралцсан,OTHER OTHER PAST
Би цагтаа ирсэн,OTHER OTHER PAST
Тэр асуудлыг шийдсэн,OTHER OTHER PAST
Тэр асуудлыг шийдсэн,OTHER OTHER PAST
Хүрсэн,PAST
Бид хамтдаа инээсэн,OTHER OTHER PAST
Далд хийсээр тов хийсэн,OTHER OTHER OTHER PAST
Би цагтаа ирсэн,OTHER OTHER PAST
Сургуулийн орчны асуудал шийдсэн,OTHER OTHER OTHER PAST
Хүрсэн,PAST
Би захиа бичсэн,OTHER OTHER PAST
Гэхдээ асуудал шийдсэн,OTHER OTHER PAST
Би цагтаа ирсэн,OTHER OTHER PAST
Бид ирээдүйгээ бүтээсэн,OTHER OTHER PAST
Бид хамтдаа инээсэн,OTHER OTHER PAST
Би цагтаа ирсэн,OTHER OTHER PAST
Энэ асуудлыг шийдсэн,OTHER OTHER PAST
Бид амжилтад хүрсэн,OTHER OTHER PAST
Би цагтаа ирсэн,OTHER OTHER PAST
Би шинэ төсөл эхлүүлсэн,OTHER OTHER OTHER PAST
Би ирээдүйгээ бүтээсэн,OTHER OTHER PAST
Бид хамт төсөл эхлүүлсэн,OTHER OTHER OTHER PAST
Тэд кино үзсэн,OTHER OTHER PAST
Далд хийсээр тов хийсэн,OTHER OTHER OTHER PAST
Тэд тоглолт үзсэн,OTHER OTHER PAST
Сэтгэлийн хөдөлгөөнийг илэрхийсэн,OTHER OTHER PAST
Тэр асуудлыг шийдсэн,OTHER OTHER PAST
Бид хамт хичээл хийсэн,OTHER OTHER OTHER PAST
Тэд тоглолт үзсэн,OTHER OTHER PAST
Тэр захидал бичсэн,OTHER OTHER PAST
Тэр шинэ төсөл эхлүүлсэн,OTHER OTHER OTHER PAST
Бид хамтдаа төсөл эхлүүлсэн,OTHER OTHER OTHER PAST
Сэтгэлийн хөдөлгөөнийг илэрхийсэн,OTHER OTHER PAST
Би цагтаа ирсэн,OTHER OTHER PAST
Би түүнд хайртайгаа хэлсэн,OTHER OTHER OTHER PAST
Тэр захидал бичсэн,OTHER OTHER PAST
Тэр захидал бичсэн,OTHER OTHER PAST
Тэр асуудал шийдсэн,OTHER OTHER PAST
Тэр асуудлыг шийдсэн,OTHER OTHER PAST
Бид кино үзсэн,OTHER OTHER PAST
Бид хамтдаа төсөл эхлүүлсэн,OTHER OTHER OTHER PAST
Бид зорилгоо тодорхойлсон,OTHER OTHER PAST
Судалгаа шинэ найзтай болсон,OTHER OTHER OTHER PAST
Судалгаа шинэ зүйл ойлгосон,OTHER OTHER OTHER PAST
Тэр зорилгоо тодорхойлсон,OTHER OTHER PAST
Тэр алдаагаа ойлгосон,OTHER OTHER PAST
Тэд хичээлээ хийдэг дадалтай болчихсон,OTHER OTHER OTHER OTHER PAST
Тэд бидний чипүүдийг ашиглахаар болсон,OTHER OTHER OTHER OTHER PAST
Би итгэл олсон,OTHER OTHER PAST
Тэр шинэ зүйл ойлгосон,OTHER OTHER OTHER PAST
Би шинэ найзтай болсон,OTHER OTHER OTHER PAST
Сүүлийн хөрөнгө оруулалт гэдгийг ойлгосон,OTHER OTHER OTHER OTHER PAST
Би шинэ санаа олсон,OTHER OTHER OTHER PAST
Харилцаа итгэл олсон,OTHER OTHER PAST
Тэр ажилдаа явдаг гэдгийг тодотгосон,OTHER OTHER OTHER OTHER PAST
Энэ шийдлийг нэвтрүүлэх хэрэгтэй гэдгийг ойлгосон,OTHER OTHER OTHER OTHER OTHER PAST
Тэр зорилгоо тодорхойлсон,OTHER OTHER PAST
Тэд тэмцээнд оролцсон,OTHER OTHER PAST
Би шинэ найзтай болсон,OTHER OTHER OTHER PAST
Зурагтаар үзэхтэй харьцуулах ч зүйл ойлгосон,OTHER OTHER OTHER OTHER OTHER PAST
Сүүлийн хөрөнгө оруулалт гэдгийг ж.хуанг онцолсон,OTHER OTHER OTHER OTHER OTHER PAST
Тэр хотод очсон,OTHER OTHER PAST
Би алдаагаа ойлгосон,OTHER OTHER PAST
Маш нуцахтай уншсан байх хэрэгтэй гэдгийг ойлгосон,OTHER OTHER OTHER OTHER OTHER OTHER PAST
Бид зорилгоо тодорхойлсон,OTHER OTHER PAST
Openai-ийн гол өрсөлдөгч anthropic стартапад хөрөнгө оруулалт гэдгийг тодотгосон,OTHER OTHER OTHER OTHER OTHER OTHER OTHER OTHER PAST
Тэд цаг болсон,OTHER OTHER PAST
Тэр хотод очсон,OTHER OTHER PAST
Тэр хотод очсон,OTHER OTHER PAST
Тэр ажлаа амжилттай явдаг гэдгийг тодотгосон,OTHER OTHER OTHER OTHER OTHER PAST
Сүүлийн хөрөнгө оруулалт гэдгийг тодотгосон,OTHER OTHER OTHER OTHER PAST
Тэр шинэ зам сонгосон,OTHER OTHER OTHER PAST
Тэд тэмцээнд оролцсон,OTHER OTHER PAST
Тэр хотод очсон,OTHER OTHER PAST
Итгэл олсон,OTHER PAST
Бид зорилгоо тодорхойлсон,OTHER OTHER PAST
Тэр алдаагаа ойлгосон,OTHER OTHER PAST
Openai-ийн гол өрсөлдөгч anthropic стартапад хөрөнгө оруулалт гэдгийг тодотгосон,OTHER OTHER OTHER OTHER OTHER OTHER OTHER OTHER PAST
Тэд бидний чипүүдийг ашиглахаар болсон,OTHER OTHER OTHER OTHER PAST
Нар сар хоёр тэрбум долларын хөрөнгө оруулалт гэдгийг ойлгосон,OTHER OTHER OTHER OTHER OTHER OTHER OTHER OTHER PAST
Тэр гэртээ орсон,OTHER OTHER PAST
Тэр шалгалт өгсөн,OTHER OTHER PAST
Хайрлах тухай бодол төрсөн,OTHER OTHER OTHER PAST
Хайрлах тухай бодол төрсөн,OTHER OTHER OTHER PAST
Тэр шалгалт өгсөн,OTHER OTHER PAST
Тэр шалгалт өгсөн,OTHER OTHER PAST
Бид хамт хоол өгсөн,OTHER OTHER OTHER PAST
Хайрлах тухай бодол төрсөн,OTHER OTHER OTHER PAST
Хайрлах тухай бодол төрсөн,OTHER OTHER OTHER PAST
Хайрлах тухай бодол төрсөн,OTHER OTHER OTHER PAST
Хөдөө амьтдын амьдралд нөлөөлсөн,OTHER OTHER OTHER PAST
Тэр шалгалт өгсөн,OTHER OTHER PAST
Хөдөө амьтдын амьдралд нөлөөлсөн,OTHER OTHER OTHER PAST
Тэр шалгалт өгсөн,OTHER OTHER PAST
Тэр шинэ төсөл дээр хоол өгсөн,OTHER OTHER OTHER OTHER OTHER PAST
Хөдөө амьтдын амьдралд нөлөөлсөн,OTHER OTHER OTHER PAST
Тэр шалгалт өгсөн,OTHER OTHER PAST
Тэр шалгалт өгсөн,OTHER OTHER PAST
Тэд хоол өгсөн,OTHER OTHER PAST
Тэр шалгалт өгсөн,OTHER OTHER PAST
Хайрлах тухай бодол төрсөн,OTHER OTHER OTHER PAST
Тэрээр хоол өгсөн,OTHER OTHER PAST
Хөдөө амьтдын амьдралд нөлөөлсөн,OTHER OTHER OTHER PAST
Ноён хүнд хоол өгсөн,OTHER OTHER OTHER PAST
Хайрлах тухай бодол төрсөн,OTHER OTHER OTHER PAST
Тэр шалгалт өгсөн,OTHER OTHER PAST
Хайрлах тухай бодол төрсөн,OTHER OTHER OTHER PAST
Сайн хүмүүс амьдралд нөлөөлсөн,OTHER OTHER OTHER PAST
Хайрлах тухай бодол төрсөн,OTHER OTHER OTHER PAST
Тэр шалгалт өгсөн,OTHER OTHER PAST
Тэр шалгалт өгсөн,OTHER OTHER PAST
Хайрлах тухай бодол төрсөн,OTHER OTHER OTHER PAST
Хайрлах тухай бодол төрсөн,OTHER OTHER OTHER PAST
Сайн хүмүүс амьдралд нөлөөлсөн,OTHER OTHER OTHER PAST
Хөдөө амьтдын амьдралд нөлөөлсөн,OTHER OTHER OTHER PAST
Хөдөө амьтдын амьдралд нөлөөлсөн,OTHER OTHER OTHER PAST
Хөдөө амьтдын амьдралд нөлөөлсөн,OTHER OTHER OTHER PAST
Би хоол өгсөн,OTHER OTHER PAST
Тэр шалгалт өгсөн,OTHER OTHER PAST
Ноён хүнд хоол өгсөн,OTHER OTHER OTHER PAST
Тэр шалгалт өгсөн,OTHER OTHER PAST
Цэгцлэх цаг баримталдаг,OTHER OTHER HABITUAL
Тэд гадаа алхдаг,OTHER OTHER HABITUAL
Судалгаа бодит байдалд тулгуурладаг,OTHER OTHER OTHER HABITUAL
Цаг хугацаа шаарддаг,OTHER OTHER HABITUAL
Амжилт хөдөлмөрөөс шалтгаалдаг,OTHER OTHER HABITUAL
Би дурангаа бариад суучихдаг,OTHER OTHER OTHER HABITUAL
Боб ресторан ажиллуулдаг,OTHER OTHER HABITUAL
Би шинэ зүйл сурдаг,OTHER OTHER OTHER HABITUAL
Боб ресторан ажиллуулдаг,OTHER OTHER HABITUAL
Тэр цонхоор гадагш хардаг,OTHER OTHER OTHER HABITUAL
Бид хамт хичээл заадаг,OTHER OTHER OTHER HABITUAL
Тэр ажлаа сайн ярьдаг,OTHER OTHER OTHER HABITUAL
Тэд гадаа суудаг,OTHER OTHER HABITUAL
Би шинэ санаа гаргадаг,OTHER OTHER OTHER HABITUAL
Тэр их нөлөөтэй байдаг,OTHER OTHER OTHER HABITUAL
Би илүү сайн ярьдаг,OTHER OTHER OTHER HABITUAL
Тэр утсаар ярьдаг,OTHER OTHER HABITUAL
Мэдлэг туршлагаар баяждаг,OTHER OTHER HABITUAL
Тэр цонхоор гадагш хардаг,OTHER OTHER OTHER HABITUAL
Судалгаа шинэ санаа гаргадаг,OTHER OTHER OTHER HABITUAL
Тэр сонирхолтой зүйл туршдаг,OTHER OTHER OTHER HABITUAL
Тэд цаг баримталдаг,OTHER OTHER HABITUAL
Тэд хөгжим сонсож амардаг,OTHER OTHER OTHER HABITUAL
Ирээдүй гэрэлтэй байдаг,OTHER OTHER HABITUAL
Тунгаах миний тархийг тэлж байгаа мэт санагддаг,OTHER OTHER OTHER OTHER OTHER OTHER HABITUAL
Тэр шинэ ном уншдаг,OTHER OTHER OTHER HABITUAL
Багийн ажиллагаа үр дүнг сайжруулдаг,OTHER OTHER OTHER OTHER HABITUAL
Тэд ажилдаа явдаг,OTHER OTHER HABITUAL
Тэд найзуудтайгаа уулздаг,OTHER OTHER HABITUAL
Мэдлэг туршлагаар баяждаг,OTHER OTHER HABITUAL
Бид хамт хичээл дээр ажилладаг,OTHER OTHER OTHER OTHER HABITUAL
Сурагчид ангидаа сууж хичээлээ давтдаг,OTHER OTHER OTHER OTHER HABITUAL
Сайн хүмүүс амьдралд амжилттай явдаг,OTHER OTHER OTHER OTHER HABITUAL
Тэр зураг зурдаг,OTHER OTHER HABITUAL
Тэр цай уудаг,OTHER OTHER HABITUAL
Би зураг авдаг,OTHER OTHER HABITUAL
Би итгэл үнэмшилтэй хүмүүс нэг дов толгой дээр ажилладаг,OTHER OTHER OTHER OTHER OTHER OTHER OTHER OTHER HABITUAL
Би итгэлтэй байдаг,OTHER OTHER HABITUAL
Сургуулийн судлаач эрдэмтэд байдаг,OTHER OTHER OTHER HABITUAL
Сайн хүмүүс нэг дор цугларч бясалгадаг,OTHER OTHER OTHER OTHER OTHER HABITUAL
Тэр асуудлыг шийддэг,OTHER OTHER HABITUAL
Боловсрол боломжийг нээдэг,OTHER OTHER HABITUAL
Бид олон ном бичдэг,OTHER OTHER OTHER HABITUAL
Тэрээр ажилдаа ирдэг,OTHER OTHER HABITUAL
Тэд хичээлээ хийдэг,OTHER OTHER HABITUAL
Аз ирдэг гэдэгт итгэдэг,OTHER OTHER OTHER HABITUAL
Цаг хугацаа хурдан бичдэг,OTHER OTHER OTHER HABITUAL
Бид кино үздэг,OTHER OTHER HABITUAL
Аз ирдэг,OTHER HABITUAL
Тэд кино үздэг,OTHER OTHER HABITUAL
Бид амжилтад хүргэдэг,OTHER OTHER HABITUAL
Би дасгал хийдэг,OTHER OTHER HABITUAL
Бид хамт хичээл хийдэг,OTHER OTHER OTHER HABITUAL
Тэд амжилтад хүрдэг,OTHER OTHER HABITUAL
Тэд цаг хугацаа хурдан бичдэг,OTHER OTHER OTHER OTHER HABITUAL
Бид хамт хоол иддэг,OTHER OTHER OTHER HABITUAL
Харилцаа ойлголцлыг нэмэгдүүлдэг,OTHER OTHER HABITUAL
Тэр ажилдаа ирдэг,OTHER OTHER HABITUAL
Тэр олон асуулт их инээдэг,OTHER OTHER OTHER OTHER HABITUAL
Харилцаа ойлголцлыг нэмэгдүүлдэг,OTHER OTHER HABITUAL
Би гэртэй ирдэг гэдэгт итгэдэг,OTHER OTHER OTHER OTHER HABITUAL
Аз ирдэг,OTHER HABITUAL
Энэ асуудлыг шийддэг,OTHER OTHER HABITUAL
Тэр зорилгодоо хүрэхийг хүсдэг,OTHER OTHER OTHER HABITUAL
Энэ асуудлыг шийддэг,OTHER OTHER HABITUAL
Тэр өдөр бүр иддэг,OTHER OTHER OTHER HABITUAL
Би шинэ санаа хөгжлийг дэмждэг,OTHER OTHER OTHER OTHER HABITUAL
Нийгэм хувь хүнийг төлөвшүүлдэг,OTHER OTHER OTHER HABITUAL
Харилцаа ойлголтыг гүнзгийрүүлдэг,OTHER OTHER HABITUAL
Тэд амжилтад хүргэдэг,OTHER OTHER HABITUAL
Би хоол иддэг,OTHER OTHER HABITUAL
Тэр шинэ санаа хөгжлийг дэмждэг,OTHER OTHER OTHER OTHER HABITUAL
Хичээл зүтгэл амжилтад хүргэдэг,OTHER OTHER OTHER HABITUAL
Би дасгал хийдэг,OTHER OTHER HABITUAL
Сургалт хүний чадварыг хөгжүүлдэг,OTHER OTHER OTHER HABITUAL
Их инээдэг,OTHER HABITUAL
Бид кино үздэг,OTHER OTHER HABITUAL
Бусдыг ойлгох чадварт чухал нөлөө үзүүлдэг,OTHER OTHER OTHER OTHER OTHER HABITUAL
"Тоо, статистик ч үүнийг гэрчилдэг",OTHER OTHER OTHER OTHER HABITUAL
Би илүү сайн гүйцэтгэдэг,OTHER OTHER OTHER HABITUAL
Хүүхдүүд гадаа тоглодог,OTHER OTHER HABITUAL
Бид зорилгоо тодорхойлдог,OTHER OTHER HABITUAL
Би хөгжим сонсдог,OTHER OTHER HABITUAL
Тэд зорилгоо тодорхойлдог,OTHER OTHER HABITUAL
Тэр шинэ мэдлэг бий болгодог,OTHER OTHER OTHER OTHER HABITUAL
Суралцах хүсэл ирээдүйг тодорхойлдог,OTHER OTHER OTHER HABITUAL
Харилцаа итгэл бий болгодог,OTHER OTHER OTHER HABITUAL
Суралцах хүсэл ирээдүйг тодорхойлдог,OTHER OTHER OTHER HABITUAL
Бид зорилгоо тодорхойлдог,OTHER OTHER HABITUAL
Харилцаа итгэл бий болгодог,OTHER OTHER OTHER HABITUAL
Шинэ санаа боддог,OTHER OTHER HABITUAL
Би өглөө эрт босдог,OTHER OTHER OTHER HABITUAL
Тэр хурдан ойлгодог,OTHER OTHER HABITUAL
Би хөгжим сонсдог,OTHER OTHER HABITUAL
Би хөгжим сонсдог,OTHER OTHER HABITUAL
Би тоглоом тоголдог,OTHER OTHER HABITUAL
Тэр анхааралтай сонсдог,OTHER OTHER HABITUAL
Би шинэ мэдлэг бий болгодог,OTHER OTHER OTHER OTHER HABITUAL
Судалгаа шинэ санаа боддог,OTHER OTHER OTHER HABITUAL
Би илүү сайн ойлгодог,OTHER OTHER OTHER HABITUAL
Би дэлгүүр ордог,OTHER OTHER HABITUAL
Судалгаа шинэ мэдлэг бий болгодог,OTHER OTHER OTHER OTHER HABITUAL
Хамгийн их анхааралтай сонсдог,OTHER OTHER OTHER HABITUAL
Би шинэ мэдлэг бий болгодог,OTHER OTHER OTHER OTHER HABITUAL
Би шинэ санаа боддог,OTHER OTHER OTHER HABITUAL
Би илүү сайн ойлгодог,OTHER OTHER OTHER HABITUAL
Би хөгжим сонсдог,OTHER OTHER HABITUAL
Суралцах хүсэл ирээдүйг тодорхойлдог,OTHER OTHER OTHER HABITUAL
Би шинэ санаа боддог,OTHER OTHER OTHER HABITUAL
Тэд хөгжим сонсдог,OTHER OTHER HABITUAL
Би өдөр бүр очдог,OTHER OTHER OTHER HABITUAL
Би маргааш эрт босдог,OTHER OTHER OTHER HABITUAL
Тэр хөгжим сонсдог,OTHER OTHER HABITUAL
Би хөгжим сонсдог,OTHER OTHER HABITUAL
Тэд шинэ санаа боддог,OTHER OTHER OTHER HABITUAL
Бид зорилгоо тодорхойлдог,OTHER OTHER HABITUAL
Би шинэ санаа боддог,OTHER OTHER OTHER HABITUAL
Тэр хурдан ойлгодог,OTHER OTHER HABITUAL
Туршлага амьдралыг хялбар болгодог,OTHER OTHER OTHER HABITUAL
Тэр хөгжим тоглодог,OTHER OTHER HABITUAL
Мэдээлэл шийдвэрт нөлөөлдөг,OTHER OTHER HABITUAL
Бид хамтдаа хөгждөг,OTHER OTHER HABITUAL
Хүмүүсийн зан төлөв нийгэмд нөлөөлдөг,OTHER OTHER OTHER OTHER HABITUAL
Би тэмдэглэл хөтөлдөг,OTHER OTHER HABITUAL
Мэдээлэл шийдвэрт нөлөөлдөг,OTHER OTHER HABITUAL
Мэдээлэл шийдвэрт нөлөөлдөг,OTHER OTHER HABITUAL
Би тэмдэглэл хөтөлдөг,OTHER OTHER HABITUAL
Мэдээлэл шийдвэрт нөлөөлдөг,OTHER OTHER HABITUAL
Суралцах явц тасралтгүй хөгждөг,OTHER OTHER OTHER HABITUAL
Хүмүүсийн зан төлөв нийгэмд нөлөөлдөг,OTHER OTHER OTHER OTHER HABITUAL
Бид хамтдаа өсдөг,OTHER OTHER HABITUAL
Цаг хугацаа хурдан өнгөрдөг,OTHER OTHER OTHER HABITUAL
Цаг хугацаа бүхнийг өөрчилдөг,OTHER OTHER OTHER HABITUAL
Хүмүүсийн зан төлөв нийгэмд нөлөөлдөг,OTHER OTHER OTHER OTHER HABITUAL
Мэдээлэл шийдвэрт нөлөөлдөг,OTHER OTHER HABITUAL
Цаг хугацаа бүхнийг өөрчилдөг,OTHER OTHER OTHER HABITUAL
Тэр хурдан өнгөрдөг,OTHER OTHER HABITUAL
Хүмүүсийн зан төлөв нийгэмд нөлөөлдөг,OTHER OTHER OTHER OTHER HABITUAL
Тэд хамтдаа хөгждөг,OTHER OTHER HABITUAL
Тэд аялал төлөвлөдөг,OTHER OTHER HABITUAL
Хүмүүсийн зан төлөв нийгэмд нөлөөлдөг,OTHER OTHER OTHER OTHER HABITUAL
Мэдээлэл шийдвэрт нөлөөлдөг,OTHER OTHER HABITUAL
Тэр бүхнийг өөрчилдөг,OTHER OTHER HABITUAL
Цаг хугацаа бүхнийг өөрчилдөг,OTHER OTHER OTHER HABITUAL
Мэдээлэл шийдвэрт нөлөөлдөг,OTHER OTHER HABITUAL
Бид хамтдаа өсдөг,OTHER OTHER HABITUAL
Тэд аялал төлөвлөдөг,OTHER OTHER HABITUAL
Би тэмдэглэл хөтөлдөг,OTHER OTHER HABITUAL
Боловсрол нийгмийг өөрчилдөг,OTHER OTHER HABITUAL
Нийгэм тогтвортой хөгждөг,OTHER OTHER HABITUAL
Би тэмдэглэл хөтөлдөг,OTHER OTHER HABITUAL
Хүмүүсийн зан төлөв нийгэмд нөлөөлдөг,OTHER OTHER OTHER OTHER HABITUAL
Хүмүүсийн зан төлөв нийгэмд нөлөөлдөг,OTHER OTHER OTHER OTHER HABITUAL
Суралцах явц тасралтгүй хөгждөг,OTHER OTHER OTHER HABITUAL
Тэд аялал төлөвлөдөг,OTHER OTHER HABITUAL
Цаг хугацаа бүхнийг өөрчилдөг,OTHER OTHER OTHER HABITUAL
Бид хамтдаа өсдөг,OTHER OTHER HABITUAL
Мэдээлэл шийдвэрт нөлөөлдөг,OTHER OTHER HABITUAL
Мэдээлэл шийдвэрт нөлөөлдөг,OTHER OTHER HABITUAL
Бид хамтдаа хөгждөг,OTHER OTHER HABITUAL
Тэд аялалд явна,OTHER OTHER FUTURE
Тэр хот руу явна,OTHER OTHER OTHER FUTURE
Тэд удахгүй уулзана,OTHER OTHER FUTURE
Би шинэ боломж ашиглана,OTHER OTHER OTHER FUTURE
Би шинэ боломж хайна,OTHER OTHER OTHER FUTURE
Тэрийг сольж байрлуулна,OTHER OTHER FUTURE
Шинэ санаа гаргана,OTHER OTHER FUTURE
Тэд аялалд явна,OTHER OTHER FUTURE
Тэр ажлаа дуусгана,OTHER OTHER FUTURE
Тэд хотод ажиллана,OTHER OTHER FUTURE
Бид хамт ялна,OTHER OTHER FUTURE
Одоо жинхэнэ судалгааны үр дүнгээ багийнхантайгаа хуваалцана,OTHER OTHER OTHER OTHER OTHER OTHER FUTURE
Би шинэ ур чадвар сурна,OTHER OTHER OTHER OTHER FUTURE
Тэр ажлаа сайн суралцана,OTHER OTHER OTHER FUTURE
Тэр хот руу явна,OTHER OTHER OTHER FUTURE
Тэд аялалд явна,OTHER OTHER FUTURE
Инээдэгийг эр дагана,OTHER OTHER FUTURE
Тэр илтгэл тавина,OTHER OTHER FUTURE
Тэд тэмцээнд ялна,OTHER OTHER FUTURE
Тэр нэг дов толгой дээр гарна,OTHER OTHER OTHER OTHER OTHER FUTURE
Тэр хот руу явна,OTHER OTHER OTHER FUTURE
Инээдэгийг эр дагана,OTHER OTHER FUTURE
Тэд аялалд явна,OTHER OTHER FUTURE
Би шинэ зүйл сурна,OTHER OTHER OTHER FUTURE
Тэр сайн суралцана,OTHER OTHER FUTURE
Монголчуудын хэл сурна,OTHER OTHER FUTURE
Бид хамтдаа ялна,OTHER OTHER FUTURE
Надтай хамт сурна,OTHER OTHER FUTURE
Тэд хамтдаа хичээл дээр гарна,OTHER OTHER OTHER OTHER FUTURE
Бид зорилго тавина,OTHER OTHER FUTURE
Бид зорилго тавина,OTHER OTHER FUTURE
Бид зорилго тавина,OTHER OTHER FUTURE
Би өглөө эрт унтана,OTHER OTHER OTHER FUTURE
Тэр их согтууруулах зүйлс ууна,OTHER OTHER OTHER OTHER FUTURE
Тэр хот руу явна,OTHER OTHER OTHER FUTURE
Гэвч iss хөгширч байна,OTHER OTHER OTHER FUTURE
Тэд тэмцээнд ялна,OTHER OTHER FUTURE
Тэр шийдвэр гаргана,OTHER OTHER FUTURE
Багийн ажиллагаа үр дүнгээ багийнхантайгаа хуваалцана,OTHER OTHER OTHER OTHER OTHER FUTURE
Бид хамт сурна,OTHER OTHER FUTURE
Би ном бичнэ,OTHER OTHER FUTURE
Тэд зорилгодоо хүрнэ,OTHER OTHER FUTURE
Баг амжилт бүтээнэ,OTHER OTHER FUTURE
Би дасгалаа хийнэ,OTHER OTHER FUTURE
Бид удахгүй эхэлнэ,OTHER OTHER FUTURE
Би шинэ төсөл эхлүүлнэ,OTHER OTHER OTHER FUTURE
Би орой кино үзнэ,OTHER OTHER OTHER FUTURE
Тэр ажлаа эхлүүлнэ,OTHER OTHER FUTURE
Би шинэ төсөл эхлүүлнэ,OTHER OTHER OTHER FUTURE
Тэр ном бичнэ,OTHER OTHER FUTURE
Тэр баг бүрдүүлнэ,OTHER OTHER FUTURE
Би орой кино үзнэ,OTHER OTHER OTHER FUTURE
Тэд кино үзнэ,OTHER OTHER FUTURE
Би өглөө ном бичнэ,OTHER OTHER OTHER FUTURE
Би өөдөөс гүйнэ,OTHER OTHER FUTURE
Тэд шинэ төсөл эхлүүлнэ,OTHER OTHER OTHER FUTURE
Бид хамтын ажиллагаагаа өргөжүүлнэ,OTHER OTHER OTHER FUTURE
Бид хамтын ажиллагаагаа өргөжүүлнэ,OTHER OTHER OTHER FUTURE
Бид баг бүрдүүлнэ,OTHER OTHER FUTURE
Тэр баг бүрдүүлнэ,OTHER OTHER FUTURE
Би өчигдөр ном бичнэ,OTHER OTHER OTHER FUTURE
Тэдний гэр орноо цэгцэлнэ,OTHER OTHER OTHER FUTURE
Бид удахгүй эхэлнэ,OTHER OTHER FUTURE
Би шинэ ур чадвар эзэмшинэ,OTHER OTHER OTHER OTHER FUTURE
Бид амжилтад хүрнэ,OTHER OTHER FUTURE
Би шинэ төсөл эхлүүлнэ,OTHER OTHER OTHER FUTURE
Тэр амжилт бүтээнэ,OTHER OTHER FUTURE
Тэд хоол хийнэ,OTHER OTHER FUTURE
Бүүдэн сарны нулимс чив чимээгүй мэлмэрнэ,OTHER OTHER OTHER OTHER OTHER FUTURE
Би өөдөөс гүйнэ,OTHER OTHER FUTURE
Би шинэ төсөл эхлүүлнэ,OTHER OTHER OTHER FUTURE
Тэр шинэ ном бичнэ,OTHER OTHER OTHER FUTURE
Дагуулаад ирэхдээ ирнэ,OTHER OTHER FUTURE
Би дасгалаа хийнэ,OTHER OTHER FUTURE
Тэр баг бүрдүүлнэ,OTHER OTHER FUTURE
Бүгээн морьтой өвгөн салхи сөрөн гэлдэрнэ,OTHER OTHER OTHER OTHER OTHER FUTURE
Сургалт хүний ирээдүйд итгэнэ,OTHER OTHER OTHER FUTURE
"Даалгавруудаа дуусгаад, оройн уулзалтдаа бэлдэнэ",OTHER OTHER OTHER OTHER FUTURE
Би өгүүлбэр бүтээнэ,OTHER OTHER FUTURE
Дагуулаад ирэхдээ ирнэ,OTHER OTHER FUTURE
Хүмүүс өглөө эрт босно,OTHER OTHER OTHER FUTURE
Тэр шинэ найзтай болно,OTHER OTHER OTHER FUTURE
Энэ төслөөр хар нүхний бичлэгийг авах тухайг тооцоолно,OTHER OTHER OTHER OTHER OTHER OTHER OTHER FUTURE
Pinecone-той нэгдэж энэ төслөөр хар нүхний бичлэгийг авах болно,OTHER OTHER OTHER OTHER OTHER OTHER OTHER OTHER FUTURE
Би шинэ ажилд орно,OTHER OTHER OTHER FUTURE
Тэдний гэр лүү орно,OTHER OTHER OTHER FUTURE
Би шинэ ажилд орно,OTHER OTHER OTHER FUTURE
Тэр маргааш эрт босно,OTHER OTHER OTHER FUTURE
Би маргааш эрт босно,OTHER OTHER OTHER FUTURE
Тэрээр ажилдаа орно,OTHER OTHER FUTURE
Тэр шинэ найзтай болно,OTHER OTHER OTHER FUTURE
Ажилтан ажилдаа орно,OTHER OTHER FUTURE
Шууд бусаар хамгийн тодоор буулгаж авах болно,OTHER OTHER OTHER OTHER OTHER OTHER FUTURE
Хүчтэй нөлөө үзүүлж байдгийг харж болно,OTHER OTHER OTHER OTHER OTHER FUTURE
Хамгийн тодоор буулгаж авах тухайг тооцоолно,OTHER OTHER OTHER OTHER OTHER FUTURE
Би өглөө эрт босно,OTHER OTHER OTHER FUTURE
Энэ төслөөр хар нүхний бичлэгийг авах болно,OTHER OTHER OTHER OTHER OTHER OTHER FUTURE
Би илүү сайн болно,OTHER OTHER OTHER FUTURE
Харилцаа чухал нөлөө үзүүлж байдгийг харж болно,OTHER OTHER OTHER OTHER OTHER OTHER FUTURE
Тэд шинэ найзтай болно,OTHER OTHER OTHER FUTURE
Pinecone-той нэгдэж энэ төслөөр хар нүхний бичлэгийг авах тухайг тооцоолно,OTHER OTHER OTHER OTHER OTHER OTHER OTHER OTHER OTHER FUTURE
Шууд бусаар хамгийн тодоор буулгаж авах тухайг тооцоолно,OTHER OTHER OTHER OTHER OTHER OTHER OTHER FUTURE
Тэдний гэр лүү орно,OTHER OTHER OTHER FUTURE
Би өглөө эрт босно,OTHER OTHER OTHER FUTURE
Би шинэ найзтай болно,OTHER OTHER OTHER FUTURE
Энэ л үеэр бид гэр лүү орно,OTHER OTHER OTHER OTHER OTHER OTHER FUTURE
Хамгийн тодоор буулгаж авах тухайг тооцоолно,OTHER OTHER OTHER OTHER OTHER FUTURE
Энэ л үеэр бид гэр лүү орно,OTHER OTHER OTHER OTHER OTHER OTHER FUTURE
Тэд шинэ ажилд орно,OTHER OTHER OTHER FUTURE
Тэд ажилдаа орно,OTHER OTHER FUTURE
Тэр ажилдаа орно,OTHER OTHER FUTURE
Тэр бүхнийг сайн болно,OTHER OTHER OTHER FUTURE
Шууд бусаар хамгийн тодоор буулгаж авах тухайг тооцоолно,OTHER OTHER OTHER OTHER OTHER OTHER OTHER FUTURE
Хүчтэй нөлөө үзүүлж байдгийг харж болно,OTHER OTHER OTHER OTHER OTHER FUTURE
Би маргааш эрт босно,OTHER OTHER OTHER FUTURE
Шууд бусаар хамгийн тодоор буулгаж авах болно,OTHER OTHER OTHER OTHER OTHER OTHER FUTURE
Энэ л үеэр бид гэр лүү орно,OTHER OTHER OTHER OTHER OTHER OTHER FUTURE
Pinecone-той нэгдэж энэ төслөөр хар нүхний бичлэгийг авах тухайг тооцоолно,OTHER OTHER OTHER OTHER OTHER OTHER OTHER OTHER OTHER FUTURE
Тэд ажилдаа орно,OTHER OTHER FUTURE
Би өнөөдөр эрт босно,OTHER OTHER OTHER FUTURE
Бид хамтдаа өснө,OTHER OTHER FUTURE
Бид хамтдаа өснө,OTHER OTHER FUTURE
Бид ирээдүйгээ төлөвлөнө,OTHER OTHER FUTURE
Би ирээдүйгээ төлөвлөнө,OTHER OTHER FUTURE
Бид хамтдаа өснө,OTHER OTHER FUTURE
Бид ирээдүйгээ төлөвлөнө,OTHER OTHER FUTURE
Бид хамтдаа өснө,OTHER OTHER FUTURE
Бид хамтдаа өснө,OTHER OTHER FUTURE
Бид хамтдаа өснө,OTHER OTHER FUTURE
Бид хамтдаа өснө,OTHER OTHER FUTURE
Бид хамтдаа өснө,OTHER OTHER FUTURE
Бид хамтдаа өснө,OTHER OTHER FUTURE
Би ирээдүйгээ төлөвлөнө,OTHER OTHER FUTURE
Бид ирээдүйгээ төлөвлөнө,OTHER OTHER FUTURE
Бид ирээдүйгээ төлөвлөнө,OTHER OTHER FUTURE
Бид хамтдаа өснө,OTHER OTHER FUTURE
Тэд хамтдаа өснө,OTHER OTHER FUTURE
Бид хамтдаа өснө,OTHER OTHER FUTURE
Бид хамтдаа өснө,OTHER OTHER FUTURE
Бид ирээдүйгээ төлөвлөнө,OTHER OTHER FUTURE
Бид ирээдүйгээ төлөвлөнө,OTHER OTHER FUTURE
Тэд хамтдаа өснө,OTHER OTHER FUTURE
Бид ирээдүйгээ төлөвлөнө,OTHER OTHER FUTURE
Хүмүүс хамтдаа өснө,OTHER OTHER FUTURE
Бид хамтдаа өснө,OTHER OTHER FUTURE
Би ирээдүйгээ төлөвлөнө,OTHER OTHER FUTURE
Бид ирээдүйгээ төлөвлөнө,OTHER OTHER FUTURE
Тэд хамтдаа өснө,OTHER OTHER FUTURE
Би ирээдүйгээ төлөвлөнө,OTHER OTHER FUTURE
Бид хамтдаа өснө,OTHER OTHER FUTURE
Бид хамтдаа өснө,OTHER OTHER FUTURE
Бид хамтдаа өснө,OTHER OTHER FUTURE
Бид ирээдүйгээ төлөвлөнө,OTHER OTHER FUTURE
Хүмүүс хамтдаа өснө,OTHER OTHER FUTURE
Би ирээдүйгээ төлөвлөнө,OTHER OTHER FUTURE
Хүмүүс хамтдаа өснө,OTHER OTHER FUTURE
Бид ирээдүйгээ төлөвлөнө,OTHER OTHER FUTURE
Бид хамтдаа өснө,OTHER OTHER FUTURE
Бид ирээдүйгээ төлөвлөнө,OTHER OTHER FUTURE
Би ирээдүйгээ төлөвлөнө,OTHER OTHER FUTURE
